﻿<?xml version="1.0" encoding="utf-8"?>
<!--Warning: this XML is automatically generated from the XLS. Do not modify!-->
<Datatable xmlns:xsi="http://www.w3.org/2001/XMLSchema-instance" xmlns:xsd="http://www.w3.org/2001/XMLSchema">
  <GuiElement Name="Weapon006">
    <Title>%Item_Weapon006</Title>
    <Description>%Item_Weapon006_Description</Description>
    <Icons>
      <Icon Size="Small" Path="GUI/DynamicBitmaps/Items/Weapon006" />
    </Icons>
  </GuiElement>
  <GuiElement Name="Weapon006Rarity0">
    <Title>%Item_Weapon006Rarity0</Title>
    <Description>%Item_Weapon006Rarity0_Description</Description>
    <Icons>
      <Icon Size="Small" Path="GUI/DynamicBitmaps/Items/Weapon006" />
    </Icons>
  </GuiElement>
  <GuiElement Name="Weapon006Rarity1">
    <Title>%Item_Weapon006Rarity1</Title>
    <Description>%Item_Weapon006Rarity1_Description</Description>
    <Icons>
      <Icon Size="Small" Path="GUI/DynamicBitmaps/Items/Weapon006" />
    </Icons>
  </GuiElement>
  <GuiElement Name="Weapon006Rarity2">
    <Title>%Item_Weapon006Rarity2</Title>
    <Description>%Item_Weapon006Rarity2_Description</Description>
    <Icons>
      <Icon Size="Small" Path="GUI/DynamicBitmaps/Items/Weapon006" />
    </Icons>
  </GuiElement>
  <GuiElement Name="Weapon017">
    <Title>%Item_Weapon017</Title>
    <Description>%Item_Weapon017_Description</Description>
    <Icons>
      <Icon Size="Small" Path="GUI/DynamicBitmaps/Items/Weapon017" />
    </Icons>
  </GuiElement>
  <GuiElement Name="Weapon017Rarity0">
    <Title>%Item_Weapon017Rarity0</Title>
    <Description>%Item_Weapon017Rarity0_Description</Description>
    <Icons>
      <Icon Size="Small" Path="GUI/DynamicBitmaps/Items/Weapon017" />
    </Icons>
  </GuiElement>
  <GuiElement Name="Weapon017Rarity1">
    <Title>%Item_Weapon017Rarity1</Title>
    <Description>%Item_Weapon017Rarity1_Description</Description>
    <Icons>
      <Icon Size="Small" Path="GUI/DynamicBitmaps/Items/Weapon017" />
    </Icons>
  </GuiElement>
  <GuiElement Name="Weapon017Rarity2">
    <Title>%Item_Weapon017Rarity2</Title>
    <Description>%Item_Weapon017Rarity2_Description</Description>
    <Icons>
      <Icon Size="Small" Path="GUI/DynamicBitmaps/Items/Weapon017" />
    </Icons>
  </GuiElement>
  <GuiElement Name="Armor011">
    <Title>%Item_Armor011</Title>
    <Description>%Item_Armor011_Description</Description>
    <Icons>
      <Icon Size="Small" Path="GUI/DynamicBitmaps/Items/Armor011" />
    </Icons>
  </GuiElement>
  <GuiElement Name="Armor011Rarity0">
    <Title>%Item_Armor011Rarity0</Title>
    <Description>%Item_Armor011Rarity0_Description</Description>
    <Icons>
      <Icon Size="Small" Path="GUI/DynamicBitmaps/Items/Armor011" />
    </Icons>
  </GuiElement>
  <GuiElement Name="Armor011Rarity1">
    <Title>%Item_Armor011Rarity1</Title>
    <Description>%Item_Armor011Rarity1_Description</Description>
    <Icons>
      <Icon Size="Small" Path="GUI/DynamicBitmaps/Items/Armor011" />
    </Icons>
  </GuiElement>
  <GuiElement Name="Armor011Rarity2">
    <Title>%Item_Armor011Rarity2</Title>
    <Description>%Item_Armor011Rarity2_Description</Description>
    <Icons>
      <Icon Size="Small" Path="GUI/DynamicBitmaps/Items/Armor011" />
    </Icons>
  </GuiElement>
  <GuiElement Name="Armor013">
    <Title>%Item_Armor013</Title>
    <Description>%Item_Armor013_Description</Description>
    <Icons>
      <Icon Size="Small" Path="GUI/DynamicBitmaps/Items/Armor013" />
    </Icons>
  </GuiElement>
  <GuiElement Name="Armor013Rarity0">
    <Title>%Item_Armor013Rarity0</Title>
    <Description>%Item_Armor013Rarity0_Description</Description>
    <Icons>
      <Icon Size="Small" Path="GUI/DynamicBitmaps/Items/Armor013" />
    </Icons>
  </GuiElement>
  <GuiElement Name="Armor013Rarity1">
    <Title>%Item_Armor013Rarity1</Title>
    <Description>%Item_Armor013Rarity1_Description</Description>
    <Icons>
      <Icon Size="Small" Path="GUI/DynamicBitmaps/Items/Armor013" />
    </Icons>
  </GuiElement>
  <GuiElement Name="Armor013Rarity2">
    <Title>%Item_Armor013Rarity2</Title>
    <Description>%Item_Armor013Rarity2_Description</Description>
    <Icons>
      <Icon Size="Small" Path="GUI/DynamicBitmaps/Items/Armor013" />
    </Icons>
  </GuiElement>
  <GuiElement Name="Special001">
    <Title>%Item_Special001</Title>
    <Description>%Item_Special001_Description</Description>
    <Icons>
      <Icon Size="Small" Path="GUI/DynamicBitmaps/Items/Special001" />
    </Icons>
  </GuiElement>
  <GuiElement Name="Special001Rarity0">
    <Title>%Item_Special001Rarity0</Title>
    <Description>%Item_Special001Rarity0_Description</Description>
    <Icons>
      <Icon Size="Small" Path="GUI/DynamicBitmaps/Items/Special001" />
    </Icons>
  </GuiElement>
  <GuiElement Name="Special001Rarity1">
    <Title>%Item_Special001Rarity1</Title>
    <Description>%Item_Special001Rarity1_Description</Description>
    <Icons>
      <Icon Size="Small" Path="GUI/DynamicBitmaps/Items/Special001" />
    </Icons>
  </GuiElement>
  <GuiElement Name="Special001Rarity2">
    <Title>%Item_Special001Rarity2</Title>
    <Description>%Item_Special001Rarity2_Description</Description>
    <Icons>
      <Icon Size="Small" Path="GUI/DynamicBitmaps/Items/Special001" />
    </Icons>
  </GuiElement>
  <GuiElement Name="Special006">
    <Title>%Item_Special006</Title>
    <Description>%Item_Special006_Description</Description>
    <Icons>
      <Icon Size="Small" Path="GUI/DynamicBitmaps/Items/Special006" />
    </Icons>
  </GuiElement>
  <GuiElement Name="Special006Rarity0">
    <Title>%Item_Special006Rarity0</Title>
    <Description>%Item_Special006Rarity0_Description</Description>
    <Icons>
      <Icon Size="Small" Path="GUI/DynamicBitmaps/Items/Special006" />
    </Icons>
  </GuiElement>
  <GuiElement Name="Special006Rarity1">
    <Title>%Item_Special006Rarity1</Title>
    <Description>%Item_Special006Rarity1_Description</Description>
    <Icons>
      <Icon Size="Small" Path="GUI/DynamicBitmaps/Items/Special006" />
    </Icons>
  </GuiElement>
  <GuiElement Name="Special006Rarity2">
    <Title>%Item_Special006Rarity2</Title>
    <Description>%Item_Special006Rarity2_Description</Description>
    <Icons>
      <Icon Size="Small" Path="GUI/DynamicBitmaps/Items/Special006" />
    </Icons>
  </GuiElement>
  <GuiElement Name="Special010">
    <Title>%Item_Special010</Title>
    <Description>%Item_Special010_Description</Description>
    <Icons>
      <Icon Size="Small" Path="GUI/DynamicBitmaps/Items/Special010" />
    </Icons>
  </GuiElement>
  <GuiElement Name="Special010Rarity0">
    <Title>%Item_Special010Rarity0</Title>
    <Description>%Item_Special010Rarity0_Description</Description>
    <Icons>
      <Icon Size="Small" Path="GUI/DynamicBitmaps/Items/Special010" />
    </Icons>
  </GuiElement>
  <GuiElement Name="Special010Rarity1">
    <Title>%Item_Special010Rarity1</Title>
    <Description>%Item_Special010Rarity1_Description</Description>
    <Icons>
      <Icon Size="Small" Path="GUI/DynamicBitmaps/Items/Special010" />
    </Icons>
  </GuiElement>
  <GuiElement Name="Special010Rarity2">
    <Title>%Item_Special010Rarity2</Title>
    <Description>%Item_Special010Rarity2_Description</Description>
    <Icons>
      <Icon Size="Small" Path="GUI/DynamicBitmaps/Items/Special010" />
    </Icons>
  </GuiElement>
  <GuiElement Name="Special013">
    <Title>%Item_Special013</Title>
    <Description>%Item_Special013_Description</Description>
    <Icons>
      <Icon Size="Small" Path="GUI/DynamicBitmaps/Items/Special013" />
    </Icons>
  </GuiElement>
  <GuiElement Name="Special013Rarity0">
    <Title>%Item_Special013Rarity0</Title>
    <Description>%Item_Special013Rarity0_Description</Description>
    <Icons>
      <Icon Size="Small" Path="GUI/DynamicBitmaps/Items/Special013" />
    </Icons>
  </GuiElement>
  <GuiElement Name="Special013Rarity1">
    <Title>%Item_Special013Rarity1</Title>
    <Description>%Item_Special013Rarity1_Description</Description>
    <Icons>
      <Icon Size="Small" Path="GUI/DynamicBitmaps/Items/Special013" />
    </Icons>
  </GuiElement>
  <GuiElement Name="Special013Rarity2">
    <Title>%Item_Special013Rarity2</Title>
    <Description>%Item_Special013Rarity2_Description</Description>
    <Icons>
      <Icon Size="Small" Path="GUI/DynamicBitmaps/Items/Special013" />
    </Icons>
  </GuiElement>
  <GuiElement Name="Special016">
    <Title>%Item_Special016</Title>
    <Description>%Item_Special016_Description</Description>
    <Icons>
      <Icon Size="Small" Path="GUI/DynamicBitmaps/Items/Special016" />
    </Icons>
  </GuiElement>
  <GuiElement Name="Special016Rarity0">
    <Title>%Item_Special016Rarity0</Title>
    <Description>%Item_Special016Rarity0_Description</Description>
    <Icons>
      <Icon Size="Small" Path="GUI/DynamicBitmaps/Items/Special016" />
    </Icons>
  </GuiElement>
  <GuiElement Name="Special016Rarity1">
    <Title>%Item_Special016Rarity1</Title>
    <Description>%Item_Special016Rarity1_Description</Description>
    <Icons>
      <Icon Size="Small" Path="GUI/DynamicBitmaps/Items/Special016" />
    </Icons>
  </GuiElement>
  <GuiElement Name="Special016Rarity2">
    <Title>%Item_Special016Rarity2</Title>
    <Description>%Item_Special016Rarity2_Description</Description>
    <Icons>
      <Icon Size="Small" Path="GUI/DynamicBitmaps/Items/Special016" />
    </Icons>
  </GuiElement>
  <GuiElement Name="Special017">
    <Title>%Item_Special017</Title>
    <Description>%Item_Special017_Description</Description>
    <Icons>
      <Icon Size="Small" Path="GUI/DynamicBitmaps/Items/Special017" />
    </Icons>
  </GuiElement>
  <GuiElement Name="Special017Rarity0">
    <Title>%Item_Special017Rarity0</Title>
    <Description>%Item_Special017Rarity0_Description</Description>
    <Icons>
      <Icon Size="Small" Path="GUI/DynamicBitmaps/Items/Special017" />
    </Icons>
  </GuiElement>
  <GuiElement Name="Special017Rarity1">
    <Title>%Item_Special017Rarity1</Title>
    <Description>%Item_Special017Rarity1_Description</Description>
    <Icons>
      <Icon Size="Small" Path="GUI/DynamicBitmaps/Items/Special017" />
    </Icons>
  </GuiElement>
  <GuiElement Name="Special017Rarity2">
    <Title>%Item_Special017Rarity2</Title>
    <Description>%Item_Special017Rarity2_Description</Description>
    <Icons>
      <Icon Size="Small" Path="GUI/DynamicBitmaps/Items/Special017" />
    </Icons>
  </GuiElement>
  <GuiElement Name="Special018">
    <Title>%Item_Special018</Title>
    <Description>%Item_Special018_Description</Description>
    <Icons>
      <Icon Size="Small" Path="GUI/DynamicBitmaps/Items/Special018" />
    </Icons>
  </GuiElement>
  <GuiElement Name="Special018Rarity0">
    <Title>%Item_Special018Rarity0</Title>
    <Description>%Item_Special018Rarity0_Description</Description>
    <Icons>
      <Icon Size="Small" Path="GUI/DynamicBitmaps/Items/Special018" />
    </Icons>
  </GuiElement>
  <GuiElement Name="Special018Rarity1">
    <Title>%Item_Special018Rarity1</Title>
    <Description>%Item_Special018Rarity1_Description</Description>
    <Icons>
      <Icon Size="Small" Path="GUI/DynamicBitmaps/Items/Special018" />
    </Icons>
  </GuiElement>
  <GuiElement Name="Special018Rarity2">
    <Title>%Item_Special018Rarity2</Title>
    <Description>%Item_Special018Rarity2_Description</Description>
    <Icons>
      <Icon Size="Small" Path="GUI/DynamicBitmaps/Items/Special018" />
    </Icons>
  </GuiElement>
  <GuiElement Name="Special019">
    <Title>%Item_Special019</Title>
    <Description>%Item_Special019_Description</Description>
    <Icons>
      <Icon Size="Small" Path="GUI/DynamicBitmaps/Items/Special019" />
    </Icons>
  </GuiElement>
  <GuiElement Name="Special019Rarity0">
    <Title>%Item_Special019Rarity0</Title>
    <Description>%Item_Special019Rarity0_Description</Description>
    <Icons>
      <Icon Size="Small" Path="GUI/DynamicBitmaps/Items/Special019" />
    </Icons>
  </GuiElement>
  <GuiElement Name="Special019Rarity1">
    <Title>%Item_Special019Rarity1</Title>
    <Description>%Item_Special019Rarity1_Description</Description>
    <Icons>
      <Icon Size="Small" Path="GUI/DynamicBitmaps/Items/Special019" />
    </Icons>
  </GuiElement>
  <GuiElement Name="Special019Rarity2">
    <Title>%Item_Special019Rarity2</Title>
    <Description>%Item_Special019Rarity2_Description</Description>
    <Icons>
      <Icon Size="Small" Path="GUI/DynamicBitmaps/Items/Special019" />
    </Icons>
  </GuiElement>
  <GuiElement Name="Special020">
    <Title>%Item_Special020</Title>
    <Description>%Item_Special020_Description</Description>
    <Icons>
      <Icon Size="Small" Path="GUI/DynamicBitmaps/Items/Special020" />
    </Icons>
  </GuiElement>
  <GuiElement Name="Special020Rarity0">
    <Title>%Item_Special020Rarity0</Title>
    <Description>%Item_Special020Rarity0_Description</Description>
    <Icons>
      <Icon Size="Small" Path="GUI/DynamicBitmaps/Items/Special020" />
    </Icons>
  </GuiElement>
  <GuiElement Name="Special020Rarity1">
    <Title>%Item_Special020Rarity1</Title>
    <Description>%Item_Special020Rarity1_Description</Description>
    <Icons>
      <Icon Size="Small" Path="GUI/DynamicBitmaps/Items/Special020" />
    </Icons>
  </GuiElement>
  <GuiElement Name="Special020Rarity2">
    <Title>%Item_Special020Rarity2</Title>
    <Description>%Item_Special020Rarity2_Description</Description>
    <Icons>
      <Icon Size="Small" Path="GUI/DynamicBitmaps/Items/Special020" />
    </Icons>
  </GuiElement>
  <GuiElement Name="Special032">
    <Title>%Item_Special032</Title>
    <Description>%Item_Special032_Description</Description>
    <Icons>
      <Icon Size="Small" Path="GUI/DynamicBitmaps/Items/Special032" />
    </Icons>
  </GuiElement>
  <GuiElement Name="Special032Rarity0">
    <Title>%Item_Special032Rarity0</Title>
    <Description>%Item_Special032Rarity0_Description</Description>
    <Icons>
      <Icon Size="Small" Path="GUI/DynamicBitmaps/Items/Special032" />
    </Icons>
  </GuiElement>
  <GuiElement Name="Special032Rarity1">
    <Title>%Item_Special032Rarity1</Title>
    <Description>%Item_Special032Rarity1_Description</Description>
    <Icons>
      <Icon Size="Small" Path="GUI/DynamicBitmaps/Items/Special032" />
    </Icons>
  </GuiElement>
  <GuiElement Name="Special032Rarity2">
    <Title>%Item_Special032Rarity2</Title>
    <Description>%Item_Special032Rarity2_Description</Description>
    <Icons>
      <Icon Size="Small" Path="GUI/DynamicBitmaps/Items/Special032" />
    </Icons>
  </GuiElement>
  <GuiElement Name="Special033">
    <Title>%Item_Special033</Title>
    <Description>%Item_Special033_Description</Description>
    <Icons>
      <Icon Size="Small" Path="GUI/DynamicBitmaps/Items/Special033" />
    </Icons>
  </GuiElement>
  <GuiElement Name="Special033Rarity0">
    <Title>%Item_Special033Rarity0</Title>
    <Description>%Item_Special033Rarity0_Description</Description>
    <Icons>
      <Icon Size="Small" Path="GUI/DynamicBitmaps/Items/Special033" />
    </Icons>
  </GuiElement>
  <GuiElement Name="Special033Rarity1">
    <Title>%Item_Special033Rarity1</Title>
    <Description>%Item_Special033Rarity1_Description</Description>
    <Icons>
      <Icon Size="Small" Path="GUI/DynamicBitmaps/Items/Special033" />
    </Icons>
  </GuiElement>
  <GuiElement Name="Special033Rarity2">
    <Title>%Item_Special033Rarity2</Title>
    <Description>%Item_Special033Rarity2_Description</Description>
    <Icons>
      <Icon Size="Small" Path="GUI/DynamicBitmaps/Items/Special033" />
    </Icons>
  </GuiElement>
  <GuiElement Name="Special034">
    <Title>%Item_Special034</Title>
    <Description>%Item_Special034_Description</Description>
    <Icons>
      <Icon Size="Small" Path="GUI/DynamicBitmaps/Items/Special034" />
    </Icons>
  </GuiElement>
  <GuiElement Name="Special034Rarity0">
    <Title>%Item_Special034Rarity0</Title>
    <Description>%Item_Special034Rarity0_Description</Description>
    <Icons>
      <Icon Size="Small" Path="GUI/DynamicBitmaps/Items/Special034" />
    </Icons>
  </GuiElement>
  <GuiElement Name="Special034Rarity1">
    <Title>%Item_Special034Rarity1</Title>
    <Description>%Item_Special034Rarity1_Description</Description>
    <Icons>
      <Icon Size="Small" Path="GUI/DynamicBitmaps/Items/Special034" />
    </Icons>
  </GuiElement>
  <GuiElement Name="Special034Rarity2">
    <Title>%Item_Special034Rarity2</Title>
    <Description>%Item_Special034Rarity2_Description</Description>
    <Icons>
      <Icon Size="Small" Path="GUI/DynamicBitmaps/Items/Special034" />
    </Icons>
  </GuiElement>
  <GuiElement Name="Special035">
    <Title>%Item_Special035</Title>
    <Description>%Item_Special035_Description</Description>
    <Icons>
      <Icon Size="Small" Path="GUI/DynamicBitmaps/Items/Special035" />
    </Icons>
  </GuiElement>
  <GuiElement Name="Special035Rarity0">
    <Title>%Item_Special035Rarity0</Title>
    <Description>%Item_Special035Rarity0_Description</Description>
    <Icons>
      <Icon Size="Small" Path="GUI/DynamicBitmaps/Items/Special035" />
    </Icons>
  </GuiElement>
  <GuiElement Name="Special035Rarity1">
    <Title>%Item_Special035Rarity1</Title>
    <Description>%Item_Special035Rarity1_Description</Description>
    <Icons>
      <Icon Size="Small" Path="GUI/DynamicBitmaps/Items/Special035" />
    </Icons>
  </GuiElement>
  <GuiElement Name="Special035Rarity2">
    <Title>%Item_Special035Rarity2</Title>
    <Description>%Item_Special035Rarity2_Description</Description>
    <Icons>
      <Icon Size="Small" Path="GUI/DynamicBitmaps/Items/Special035" />
    </Icons>
  </GuiElement>
  <GuiElement Name="Special036">
    <Title>%Item_Special036</Title>
    <Description>%Item_Special036_Description</Description>
    <Icons>
      <Icon Size="Small" Path="GUI/DynamicBitmaps/Items/Special036" />
    </Icons>
  </GuiElement>
  <GuiElement Name="Special036Rarity0">
    <Title>%Item_Special036Rarity0</Title>
    <Description>%Item_Special036Rarity0_Description</Description>
    <Icons>
      <Icon Size="Small" Path="GUI/DynamicBitmaps/Items/Special036" />
    </Icons>
  </GuiElement>
  <GuiElement Name="Special036Rarity1">
    <Title>%Item_Special036Rarity1</Title>
    <Description>%Item_Special036Rarity1_Description</Description>
    <Icons>
      <Icon Size="Small" Path="GUI/DynamicBitmaps/Items/Special036" />
    </Icons>
  </GuiElement>
  <GuiElement Name="Special036Rarity2">
    <Title>%Item_Special036Rarity2</Title>
    <Description>%Item_Special036Rarity2_Description</Description>
    <Icons>
      <Icon Size="Small" Path="GUI/DynamicBitmaps/Items/Special036" />
    </Icons>
  </GuiElement>
  <GuiElement Name="Special037">
    <Title>%Item_Special037</Title>
    <Description>%Item_Special037_Description</Description>
    <Icons>
      <Icon Size="Small" Path="GUI/DynamicBitmaps/Items/Special037" />
    </Icons>
  </GuiElement>
  <GuiElement Name="Special037Rarity0">
    <Title>%Item_Special037Rarity0</Title>
    <Description>%Item_Special037Rarity0_Description</Description>
    <Icons>
      <Icon Size="Small" Path="GUI/DynamicBitmaps/Items/Special037" />
    </Icons>
  </GuiElement>
  <GuiElement Name="Special037Rarity1">
    <Title>%Item_Special037Rarity1</Title>
    <Description>%Item_Special037Rarity1_Description</Description>
    <Icons>
      <Icon Size="Small" Path="GUI/DynamicBitmaps/Items/Special037" />
    </Icons>
  </GuiElement>
  <GuiElement Name="Special037Rarity2">
    <Title>%Item_Special037Rarity2</Title>
    <Description>%Item_Special037Rarity2_Description</Description>
    <Icons>
      <Icon Size="Small" Path="GUI/DynamicBitmaps/Items/Special037" />
    </Icons>
  </GuiElement>
  <GuiElement Name="Special039">
    <Title>%Item_Special039</Title>
    <Description>%Item_Special039_Description</Description>
    <Icons>
      <Icon Size="Small" Path="GUI/DynamicBitmaps/Items/Special039" />
    </Icons>
  </GuiElement>
  <GuiElement Name="Special039Rarity0">
    <Title>%Item_Special039Rarity0</Title>
    <Description>%Item_Special039Rarity0_Description</Description>
    <Icons>
      <Icon Size="Small" Path="GUI/DynamicBitmaps/Items/Special039" />
    </Icons>
  </GuiElement>
  <GuiElement Name="Special039Rarity1">
    <Title>%Item_Special039Rarity1</Title>
    <Description>%Item_Special039Rarity1_Description</Description>
    <Icons>
      <Icon Size="Small" Path="GUI/DynamicBitmaps/Items/Special039" />
    </Icons>
  </GuiElement>
  <GuiElement Name="Special039Rarity2">
    <Title>%Item_Special039Rarity2</Title>
    <Description>%Item_Special039Rarity2_Description</Description>
    <Icons>
      <Icon Size="Small" Path="GUI/DynamicBitmaps/Items/Special039" />
    </Icons>
  </GuiElement>
  <GuiElement Name="Special040">
    <Title>%Item_Special040</Title>
    <Description>%Item_Special040_Description</Description>
    <Icons>
      <Icon Size="Small" Path="GUI/DynamicBitmaps/Items/Special040" />
    </Icons>
  </GuiElement>
  <GuiElement Name="Special040Rarity0">
    <Title>%Item_Special040Rarity0</Title>
    <Description>%Item_Special040Rarity0_Description</Description>
    <Icons>
      <Icon Size="Small" Path="GUI/DynamicBitmaps/Items/Special040" />
    </Icons>
  </GuiElement>
  <GuiElement Name="Special040Rarity1">
    <Title>%Item_Special040Rarity1</Title>
    <Description>%Item_Special040Rarity1_Description</Description>
    <Icons>
      <Icon Size="Small" Path="GUI/DynamicBitmaps/Items/Special040" />
    </Icons>
  </GuiElement>
  <GuiElement Name="Special040Rarity2">
    <Title>%Item_Special040Rarity2</Title>
    <Description>%Item_Special040Rarity2_Description</Description>
    <Icons>
      <Icon Size="Small" Path="GUI/DynamicBitmaps/Items/Special040" />
    </Icons>
  </GuiElement>
  <GuiElement Name="Special041">
    <Title>%Item_Special041</Title>
    <Description>%Item_Special041_Description</Description>
    <Icons>
      <Icon Size="Small" Path="GUI/DynamicBitmaps/Items/Special041" />
    </Icons>
  </GuiElement>
  <GuiElement Name="Special041Rarity0">
    <Title>%Item_Special041Rarity0</Title>
    <Description>%Item_Special041Rarity0_Description</Description>
    <Icons>
      <Icon Size="Small" Path="GUI/DynamicBitmaps/Items/Special041" />
    </Icons>
  </GuiElement>
  <GuiElement Name="Special041Rarity1">
    <Title>%Item_Special041Rarity1</Title>
    <Description>%Item_Special041Rarity1_Description</Description>
    <Icons>
      <Icon Size="Small" Path="GUI/DynamicBitmaps/Items/Special041" />
    </Icons>
  </GuiElement>
  <GuiElement Name="Special041Rarity2">
    <Title>%Item_Special041Rarity2</Title>
    <Description>%Item_Special041Rarity2_Description</Description>
    <Icons>
      <Icon Size="Small" Path="GUI/DynamicBitmaps/Items/Special041" />
    </Icons>
  </GuiElement>
  <GuiElement Name="Special042">
    <Title>%Item_Special042</Title>
    <Description>%Item_Special042_Description</Description>
    <Icons>
      <Icon Size="Small" Path="GUI/DynamicBitmaps/Items/Special042" />
    </Icons>
  </GuiElement>
  <GuiElement Name="Special042Rarity0">
    <Title>%Item_Special042Rarity0</Title>
    <Description>%Item_Special042Rarity0_Description</Description>
    <Icons>
      <Icon Size="Small" Path="GUI/DynamicBitmaps/Items/Special042" />
    </Icons>
  </GuiElement>
  <GuiElement Name="Special042Rarity1">
    <Title>%Item_Special042Rarity1</Title>
    <Description>%Item_Special042Rarity1_Description</Description>
    <Icons>
      <Icon Size="Small" Path="GUI/DynamicBitmaps/Items/Special042" />
    </Icons>
  </GuiElement>
  <GuiElement Name="Special042Rarity2">
    <Title>%Item_Special042Rarity2</Title>
    <Description>%Item_Special042Rarity2_Description</Description>
    <Icons>
      <Icon Size="Small" Path="GUI/DynamicBitmaps/Items/Special042" />
    </Icons>
  </GuiElement>
  <GuiElement Name="Special046">
    <Title>%Item_Special046</Title>
    <Description>%Item_Special046_Description</Description>
    <Icons>
      <Icon Size="Small" Path="GUI/DynamicBitmaps/Items/Special046" />
    </Icons>
  </GuiElement>
  <GuiElement Name="Special046Rarity0">
    <Title>%Item_Special046Rarity0</Title>
    <Description>%Item_Special046Rarity0_Description</Description>
    <Icons>
      <Icon Size="Small" Path="GUI/DynamicBitmaps/Items/Special046" />
    </Icons>
  </GuiElement>
  <GuiElement Name="Special046Rarity1">
    <Title>%Item_Special046Rarity1</Title>
    <Description>%Item_Special046Rarity1_Description</Description>
    <Icons>
      <Icon Size="Small" Path="GUI/DynamicBitmaps/Items/Special046" />
    </Icons>
  </GuiElement>
  <GuiElement Name="Special046Rarity2">
    <Title>%Item_Special046Rarity2</Title>
    <Description>%Item_Special046Rarity2_Description</Description>
    <Icons>
      <Icon Size="Small" Path="GUI/DynamicBitmaps/Items/Special046" />
    </Icons>
  </GuiElement>
  <GuiElement Name="Special047">
    <Title>%Item_Special047</Title>
    <Description>%Item_Special047_Description</Description>
    <Icons>
      <Icon Size="Small" Path="GUI/DynamicBitmaps/Items/Special047" />
    </Icons>
  </GuiElement>
  <GuiElement Name="Special047Rarity0">
    <Title>%Item_Special047Rarity0</Title>
    <Description>%Item_Special047Rarity0_Description</Description>
    <Icons>
      <Icon Size="Small" Path="GUI/DynamicBitmaps/Items/Special047" />
    </Icons>
  </GuiElement>
  <GuiElement Name="Special047Rarity1">
    <Title>%Item_Special047Rarity1</Title>
    <Description>%Item_Special047Rarity1_Description</Description>
    <Icons>
      <Icon Size="Small" Path="GUI/DynamicBitmaps/Items/Special047" />
    </Icons>
  </GuiElement>
  <GuiElement Name="Special047Rarity2">
    <Title>%Item_Special047Rarity2</Title>
    <Description>%Item_Special047Rarity2_Description</Description>
    <Icons>
      <Icon Size="Small" Path="GUI/DynamicBitmaps/Items/Special047" />
    </Icons>
  </GuiElement>
  <GuiElement Name="Special048">
    <Title>%Item_Special048</Title>
    <Description>%Item_Special048_Description</Description>
    <Icons>
      <Icon Size="Small" Path="GUI/DynamicBitmaps/Items/Special048" />
    </Icons>
  </GuiElement>
  <GuiElement Name="Special048Rarity0">
    <Title>%Item_Special048Rarity0</Title>
    <Description>%Item_Special048Rarity0_Description</Description>
    <Icons>
      <Icon Size="Small" Path="GUI/DynamicBitmaps/Items/Special048" />
    </Icons>
  </GuiElement>
  <GuiElement Name="Special048Rarity1">
    <Title>%Item_Special048Rarity1</Title>
    <Description>%Item_Special048Rarity1_Description</Description>
    <Icons>
      <Icon Size="Small" Path="GUI/DynamicBitmaps/Items/Special048" />
    </Icons>
  </GuiElement>
  <GuiElement Name="Special048Rarity2">
    <Title>%Item_Special048Rarity2</Title>
    <Description>%Item_Special048Rarity2_Description</Description>
    <Icons>
      <Icon Size="Small" Path="GUI/DynamicBitmaps/Items/Special048" />
    </Icons>
  </GuiElement>
  <GuiElement Name="Special049">
    <Title>%Item_Special049</Title>
    <Description>%Item_Special049_Description</Description>
    <Icons>
      <Icon Size="Small" Path="GUI/DynamicBitmaps/Items/Special049" />
    </Icons>
  </GuiElement>
  <GuiElement Name="Special049Rarity0">
    <Title>%Item_Special049Rarity0</Title>
    <Description>%Item_Special049Rarity0_Description</Description>
    <Icons>
      <Icon Size="Small" Path="GUI/DynamicBitmaps/Items/Special049" />
    </Icons>
  </GuiElement>
  <GuiElement Name="Special049Rarity1">
    <Title>%Item_Special049Rarity1</Title>
    <Description>%Item_Special049Rarity1_Description</Description>
    <Icons>
      <Icon Size="Small" Path="GUI/DynamicBitmaps/Items/Special049" />
    </Icons>
  </GuiElement>
  <GuiElement Name="Special049Rarity2">
    <Title>%Item_Special049Rarity2</Title>
    <Description>%Item_Special049Rarity2_Description</Description>
    <Icons>
      <Icon Size="Small" Path="GUI/DynamicBitmaps/Items/Special049" />
    </Icons>
  </GuiElement>
  <GuiElement Name="Special050">
    <Title>%Item_Special050</Title>
    <Description>%Item_Special050_Description</Description>
    <Icons>
      <Icon Size="Small" Path="GUI/DynamicBitmaps/Items/Special050" />
    </Icons>
  </GuiElement>
  <GuiElement Name="Special050Rarity0">
    <Title>%Item_Special050Rarity0</Title>
    <Description>%Item_Special050Rarity0_Description</Description>
    <Icons>
      <Icon Size="Small" Path="GUI/DynamicBitmaps/Items/Special050" />
    </Icons>
  </GuiElement>
  <GuiElement Name="Special050Rarity1">
    <Title>%Item_Special050Rarity1</Title>
    <Description>%Item_Special050Rarity1_Description</Description>
    <Icons>
      <Icon Size="Small" Path="GUI/DynamicBitmaps/Items/Special050" />
    </Icons>
  </GuiElement>
  <GuiElement Name="Special050Rarity2">
    <Title>%Item_Special050Rarity2</Title>
    <Description>%Item_Special050Rarity2_Description</Description>
    <Icons>
      <Icon Size="Small" Path="GUI/DynamicBitmaps/Items/Special050" />
    </Icons>
  </GuiElement>
  <GuiElement Name="Special051">
    <Title>%Item_Special051</Title>
    <Description>%Item_Special051_Description</Description>
    <Icons>
      <Icon Size="Small" Path="GUI/DynamicBitmaps/Items/Special051" />
    </Icons>
  </GuiElement>
  <GuiElement Name="Special051Rarity0">
    <Title>%Item_Special051Rarity0</Title>
    <Description>%Item_Special051Rarity0_Description</Description>
    <Icons>
      <Icon Size="Small" Path="GUI/DynamicBitmaps/Items/Special051" />
    </Icons>
  </GuiElement>
  <GuiElement Name="Special051Rarity1">
    <Title>%Item_Special051Rarity1</Title>
    <Description>%Item_Special051Rarity1_Description</Description>
    <Icons>
      <Icon Size="Small" Path="GUI/DynamicBitmaps/Items/Special051" />
    </Icons>
  </GuiElement>
  <GuiElement Name="Special051Rarity2">
    <Title>%Item_Special051Rarity2</Title>
    <Description>%Item_Special051Rarity2_Description</Description>
    <Icons>
      <Icon Size="Small" Path="GUI/DynamicBitmaps/Items/Special051" />
    </Icons>
  </GuiElement>
  <GuiElement Name="Special052">
    <Title>%Item_Special052</Title>
    <Description>%Item_Special052_Description</Description>
    <Icons>
      <Icon Size="Small" Path="GUI/DynamicBitmaps/Items/Special052" />
    </Icons>
  </GuiElement>
  <GuiElement Name="Special052Rarity0">
    <Title>%Item_Special052Rarity0</Title>
    <Description>%Item_Special052Rarity0_Description</Description>
    <Icons>
      <Icon Size="Small" Path="GUI/DynamicBitmaps/Items/Special052" />
    </Icons>
  </GuiElement>
  <GuiElement Name="Special052Rarity1">
    <Title>%Item_Special052Rarity1</Title>
    <Description>%Item_Special052Rarity1_Description</Description>
    <Icons>
      <Icon Size="Small" Path="GUI/DynamicBitmaps/Items/Special052" />
    </Icons>
  </GuiElement>
  <GuiElement Name="Special052Rarity2">
    <Title>%Item_Special052Rarity2</Title>
    <Description>%Item_Special052Rarity2_Description</Description>
    <Icons>
      <Icon Size="Small" Path="GUI/DynamicBitmaps/Items/Special052" />
    </Icons>
  </GuiElement>
  <GuiElement Name="Special054">
    <Title>%Item_Special054</Title>
    <Description>%Item_Special054_Description</Description>
    <Icons>
      <Icon Size="Small" Path="GUI/DynamicBitmaps/Items/Special054" />
    </Icons>
  </GuiElement>
  <GuiElement Name="Special054Rarity0">
    <Title>%Item_Special054Rarity0</Title>
    <Description>%Item_Special054Rarity0_Description</Description>
    <Icons>
      <Icon Size="Small" Path="GUI/DynamicBitmaps/Items/Special054" />
    </Icons>
  </GuiElement>
  <GuiElement Name="Special054Rarity1">
    <Title>%Item_Special054Rarity1</Title>
    <Description>%Item_Special054Rarity1_Description</Description>
    <Icons>
      <Icon Size="Small" Path="GUI/DynamicBitmaps/Items/Special054" />
    </Icons>
  </GuiElement>
  <GuiElement Name="Special054Rarity2">
    <Title>%Item_Special054Rarity2</Title>
    <Description>%Item_Special054Rarity2_Description</Description>
    <Icons>
      <Icon Size="Small" Path="GUI/DynamicBitmaps/Items/Special054" />
    </Icons>
  </GuiElement>
  <GuiElement Name="Weapon001">
    <Title>%Item_Weapon001</Title>
    <Description>%Item_Weapon001_Description</Description>
    <Icons>
      <Icon Size="Small" Path="GUI/DynamicBitmaps/Items/Weapon001" />
    </Icons>
  </GuiElement>
  <GuiElement Name="Weapon002">
    <Title>%Item_Weapon002</Title>
    <Description>%Item_Weapon002_Description</Description>
    <Icons>
      <Icon Size="Small" Path="GUI/DynamicBitmaps/Items/Weapon002" />
    </Icons>
  </GuiElement>
  <GuiElement Name="Weapon010">
    <Title>%Item_Weapon010</Title>
    <Description>%Item_Weapon010_Description</Description>
    <Icons>
      <Icon Size="Small" Path="GUI/DynamicBitmaps/Items/Weapon010" />
    </Icons>
  </GuiElement>
  <GuiElement Name="Weapon011">
    <Title>%Item_Weapon011</Title>
    <Description>%Item_Weapon011_Description</Description>
    <Icons>
      <Icon Size="Small" Path="GUI/DynamicBitmaps/Items/Weapon011" />
    </Icons>
  </GuiElement>
  <GuiElement Name="Weapon023">
    <Title>%Item_Weapon023</Title>
    <Description>%Item_Weapon023_Description</Description>
    <Icons>
      <Icon Size="Small" Path="GUI/DynamicBitmaps/Items/Weapon023" />
    </Icons>
  </GuiElement>
  <GuiElement Name="Weapon025">
    <Title>%Item_Weapon025</Title>
    <Description>%Item_Weapon025_Description</Description>
    <Icons>
      <Icon Size="Small" Path="GUI/DynamicBitmaps/Items/Weapon025" />
    </Icons>
  </GuiElement>
  <GuiElement Name="Weapon003">
    <Title>%Item_Weapon003</Title>
    <Description>%Item_Weapon003_Description</Description>
    <Icons>
      <Icon Size="Small" Path="GUI/DynamicBitmaps/Items/Weapon003" />
    </Icons>
  </GuiElement>
  <GuiElement Name="Weapon004">
    <Title>%Item_Weapon004</Title>
    <Description>%Item_Weapon004_Description</Description>
    <Icons>
      <Icon Size="Small" Path="GUI/DynamicBitmaps/Items/Weapon004" />
    </Icons>
  </GuiElement>
  <GuiElement Name="Weapon012">
    <Title>%Item_Weapon012</Title>
    <Description>%Item_Weapon012_Description</Description>
    <Icons>
      <Icon Size="Small" Path="GUI/DynamicBitmaps/Items/Weapon012" />
    </Icons>
  </GuiElement>
  <GuiElement Name="Weapon013">
    <Title>%Item_Weapon013</Title>
    <Description>%Item_Weapon013_Description</Description>
    <Icons>
      <Icon Size="Small" Path="GUI/DynamicBitmaps/Items/Weapon013" />
    </Icons>
  </GuiElement>
  <GuiElement Name="Weapon024">
    <Title>%Item_Weapon024</Title>
    <Description>%Item_Weapon024_Description</Description>
    <Icons>
      <Icon Size="Small" Path="GUI/DynamicBitmaps/Items/Weapon024" />
    </Icons>
  </GuiElement>
  <GuiElement Name="Weapon005">
    <Title>%Item_Weapon005</Title>
    <Description>%Item_Weapon005_Description</Description>
    <Icons>
      <Icon Size="Small" Path="GUI/DynamicBitmaps/Items/Weapon005" />
    </Icons>
  </GuiElement>
  <GuiElement Name="Weapon007">
    <Title>%Item_Weapon007</Title>
    <Description>%Item_Weapon007_Description</Description>
    <Icons>
      <Icon Size="Small" Path="GUI/DynamicBitmaps/Items/Weapon007" />
    </Icons>
  </GuiElement>
  <GuiElement Name="Weapon014">
    <Title>%Item_Weapon014</Title>
    <Description>%Item_Weapon014_Description</Description>
    <Icons>
      <Icon Size="Small" Path="GUI/DynamicBitmaps/Items/Weapon014" />
    </Icons>
  </GuiElement>
  <GuiElement Name="Weapon015">
    <Title>%Item_Weapon015</Title>
    <Description>%Item_Weapon015_Description</Description>
    <Icons>
      <Icon Size="Small" Path="GUI/DynamicBitmaps/Items/Weapon015" />
    </Icons>
  </GuiElement>
  <GuiElement Name="Weapon022">
    <Title>%Item_Weapon022</Title>
    <Description>%Item_Weapon022_Description</Description>
    <Icons>
      <Icon Size="Small" Path="GUI/DynamicBitmaps/Items/Weapon022" />
    </Icons>
  </GuiElement>
  <GuiElement Name="Weapon026">
    <Title>%Item_Weapon026</Title>
    <Description>%Item_Weapon026_Description</Description>
    <Icons>
      <Icon Size="Small" Path="GUI/DynamicBitmaps/Items/Weapon026" />
    </Icons>
  </GuiElement>
  <GuiElement Name="Weapon008">
    <Title>%Item_Weapon008</Title>
    <Description>%Item_Weapon008_Description</Description>
    <Icons>
      <Icon Size="Small" Path="GUI/DynamicBitmaps/Items/Weapon008" />
    </Icons>
  </GuiElement>
  <GuiElement Name="Weapon009">
    <Title>%Item_Weapon009</Title>
    <Description>%Item_Weapon009_Description</Description>
    <Icons>
      <Icon Size="Small" Path="GUI/DynamicBitmaps/Items/Weapon009" />
    </Icons>
  </GuiElement>
  <GuiElement Name="Weapon016">
    <Title>%Item_Weapon016</Title>
    <Description>%Item_Weapon016_Description</Description>
    <Icons>
      <Icon Size="Small" Path="GUI/DynamicBitmaps/Items/Weapon016" />
    </Icons>
  </GuiElement>
  <GuiElement Name="Weapon018">
    <Title>%Item_Weapon018</Title>
    <Description>%Item_Weapon018_Description</Description>
    <Icons>
      <Icon Size="Small" Path="GUI/DynamicBitmaps/Items/Weapon018" />
    </Icons>
  </GuiElement>
  <GuiElement Name="Weapon021">
    <Title>%Item_Weapon021</Title>
    <Description>%Item_Weapon021_Description</Description>
    <Icons>
      <Icon Size="Small" Path="GUI/DynamicBitmaps/Items/Weapon021" />
    </Icons>
  </GuiElement>
  <GuiElement Name="Armor001">
    <Title>%Item_Armor001</Title>
    <Description>%Item_Armor001_Description</Description>
    <Icons>
      <Icon Size="Small" Path="GUI/DynamicBitmaps/Items/Armor001" />
    </Icons>
  </GuiElement>
  <GuiElement Name="Armor002">
    <Title>%Item_Armor002</Title>
    <Description>%Item_Armor002_Description</Description>
    <Icons>
      <Icon Size="Small" Path="GUI/DynamicBitmaps/Items/Armor002" />
    </Icons>
  </GuiElement>
  <GuiElement Name="Armor003">
    <Title>%Item_Armor003</Title>
    <Description>%Item_Armor003_Description</Description>
    <Icons>
      <Icon Size="Small" Path="GUI/DynamicBitmaps/Items/Armor003" />
    </Icons>
  </GuiElement>
  <GuiElement Name="Armor004">
    <Title>%Item_Armor004</Title>
    <Description>%Item_Armor004_Description</Description>
    <Icons>
      <Icon Size="Small" Path="GUI/DynamicBitmaps/Items/Armor004" />
    </Icons>
  </GuiElement>
  <GuiElement Name="Armor005">
    <Title>%Item_Armor005</Title>
    <Description>%Item_Armor005_Description</Description>
    <Icons>
      <Icon Size="Small" Path="GUI/DynamicBitmaps/Items/Armor005" />
    </Icons>
  </GuiElement>
  <GuiElement Name="Armor006">
    <Title>%Item_Armor006</Title>
    <Description>%Item_Armor006_Description</Description>
    <Icons>
      <Icon Size="Small" Path="GUI/DynamicBitmaps/Items/Armor006" />
    </Icons>
  </GuiElement>
  <GuiElement Name="Armor007">
    <Title>%Item_Armor007</Title>
    <Description>%Item_Armor007_Description</Description>
    <Icons>
      <Icon Size="Small" Path="GUI/DynamicBitmaps/Items/Armor007" />
    </Icons>
  </GuiElement>
  <GuiElement Name="Armor008">
    <Title>%Item_Armor008</Title>
    <Description>%Item_Armor008_Description</Description>
    <Icons>
      <Icon Size="Small" Path="GUI/DynamicBitmaps/Items/Armor008" />
    </Icons>
  </GuiElement>
  <GuiElement Name="Armor009">
    <Title>%Item_Armor009</Title>
    <Description>%Item_Armor009_Description</Description>
    <Icons>
      <Icon Size="Small" Path="GUI/DynamicBitmaps/Items/Armor009" />
    </Icons>
  </GuiElement>
  <GuiElement Name="Armor010">
    <Title>%Item_Armor010</Title>
    <Description>%Item_Armor010_Description</Description>
    <Icons>
      <Icon Size="Small" Path="GUI/DynamicBitmaps/Items/Armor010" />
    </Icons>
  </GuiElement>
  <GuiElement Name="Armor012">
    <Title>%Item_Armor012</Title>
    <Description>%Item_Armor012_Description</Description>
    <Icons>
      <Icon Size="Small" Path="GUI/DynamicBitmaps/Items/Armor012" />
    </Icons>
  </GuiElement>
  <GuiElement Name="Armor014">
    <Title>%Item_Armor014</Title>
    <Description>%Item_Armor014_Description</Description>
    <Icons>
      <Icon Size="Small" Path="GUI/DynamicBitmaps/Items/Armor014" />
    </Icons>
  </GuiElement>
  <GuiElement Name="Armor015">
    <Title>%Item_Armor015</Title>
    <Description>%Item_Armor015_Description</Description>
    <Icons>
      <Icon Size="Small" Path="GUI/DynamicBitmaps/Items/Armor015" />
    </Icons>
  </GuiElement>
  <GuiElement Name="Special002">
    <Title>%Item_Special002</Title>
    <Description>%Item_Special002_Description</Description>
    <Icons>
      <Icon Size="Small" Path="GUI/DynamicBitmaps/Items/Special002" />
    </Icons>
  </GuiElement>
  <GuiElement Name="Special003">
    <Title>%Item_Special003</Title>
    <Description>%Item_Special003_Description</Description>
    <Icons>
      <Icon Size="Small" Path="GUI/DynamicBitmaps/Items/Special003" />
    </Icons>
  </GuiElement>
  <GuiElement Name="Special004">
    <Title>%Item_Special004</Title>
    <Description>%Item_Special004_Description</Description>
    <Icons>
      <Icon Size="Small" Path="GUI/DynamicBitmaps/Items/Special004" />
    </Icons>
  </GuiElement>
  <GuiElement Name="Special005">
    <Title>%Item_Special005</Title>
    <Description>%Item_Special005_Description</Description>
    <Icons>
      <Icon Size="Small" Path="GUI/DynamicBitmaps/Items/Special005" />
    </Icons>
  </GuiElement>
  <GuiElement Name="Special007">
    <Title>%Item_Special007</Title>
    <Description>%Item_Special007_Description</Description>
    <Icons>
      <Icon Size="Small" Path="GUI/DynamicBitmaps/Items/Special007" />
    </Icons>
  </GuiElement>
  <GuiElement Name="Special008">
    <Title>%Item_Special008</Title>
    <Description>%Item_Special008_Description</Description>
    <Icons>
      <Icon Size="Small" Path="GUI/DynamicBitmaps/Items/Special008" />
    </Icons>
  </GuiElement>
  <GuiElement Name="Special009">
    <Title>%Item_Special009</Title>
    <Description>%Item_Special009_Description</Description>
    <Icons>
      <Icon Size="Small" Path="GUI/DynamicBitmaps/Items/Special009" />
    </Icons>
  </GuiElement>
  <GuiElement Name="Special011">
    <Title>%Item_Special011</Title>
    <Description>%Item_Special011_Description</Description>
    <Icons>
      <Icon Size="Small" Path="GUI/DynamicBitmaps/Items/Special011" />
    </Icons>
  </GuiElement>
  <GuiElement Name="Special012">
    <Title>%Item_Special012</Title>
    <Description>%Item_Special012_Description</Description>
    <Icons>
      <Icon Size="Small" Path="GUI/DynamicBitmaps/Items/Special012" />
    </Icons>
  </GuiElement>
  <GuiElement Name="Special014">
    <Title>%Item_Special014</Title>
    <Description>%Item_Special014_Description</Description>
    <Icons>
      <Icon Size="Small" Path="GUI/DynamicBitmaps/Items/Special014" />
    </Icons>
  </GuiElement>
  <GuiElement Name="Special015">
    <Title>%Item_Special015</Title>
    <Description>%Item_Special015_Description</Description>
    <Icons>
      <Icon Size="Small" Path="GUI/DynamicBitmaps/Items/Special015" />
    </Icons>
  </GuiElement>
  <GuiElement Name="Special021">
    <Title>%Item_Special021</Title>
    <Description>%Item_Special021_Description</Description>
    <Icons>
      <Icon Size="Small" Path="GUI/DynamicBitmaps/Items/Special021" />
    </Icons>
  </GuiElement>
  <GuiElement Name="Special022">
    <Title>%Item_Special022</Title>
    <Description>%Item_Special022_Description</Description>
    <Icons>
      <Icon Size="Small" Path="GUI/DynamicBitmaps/Items/Special022" />
    </Icons>
  </GuiElement>
  <GuiElement Name="Special023">
    <Title>%Item_Special023</Title>
    <Description>%Item_Special023_Description</Description>
    <Icons>
      <Icon Size="Small" Path="GUI/DynamicBitmaps/Items/Special023" />
    </Icons>
  </GuiElement>
  <GuiElement Name="Special024">
    <Title>%Item_Special024</Title>
    <Description>%Item_Special024_Description</Description>
    <Icons>
      <Icon Size="Small" Path="GUI/DynamicBitmaps/Items/Special024" />
    </Icons>
  </GuiElement>
  <GuiElement Name="Special025">
    <Title>%Item_Special025</Title>
    <Description>%Item_Special025_Description</Description>
    <Icons>
      <Icon Size="Small" Path="GUI/DynamicBitmaps/Items/Special025" />
    </Icons>
  </GuiElement>
  <GuiElement Name="Special028">
    <Title>%Item_Special028</Title>
    <Description>%Item_Special028_Description</Description>
    <Icons>
      <Icon Size="Small" Path="GUI/DynamicBitmaps/Items/Special028" />
    </Icons>
  </GuiElement>
  <GuiElement Name="Special029">
    <Title>%Item_Special029</Title>
    <Description>%Item_Special029_Description</Description>
    <Icons>
      <Icon Size="Small" Path="GUI/DynamicBitmaps/Items/Special029" />
    </Icons>
  </GuiElement>
  <GuiElement Name="Special030">
    <Title>%Item_Special030</Title>
    <Description>%Item_Special030_Description</Description>
    <Icons>
      <Icon Size="Small" Path="GUI/DynamicBitmaps/Items/Special030" />
    </Icons>
  </GuiElement>
  <GuiElement Name="Special031">
    <Title>%Item_Special031</Title>
    <Description>%Item_Special031_Description</Description>
    <Icons>
      <Icon Size="Small" Path="GUI/DynamicBitmaps/Items/Special031" />
    </Icons>
  </GuiElement>
  <GuiElement Name="Special038">
    <Title>%Item_Special038</Title>
    <Description>%Item_Special038_Description</Description>
    <Icons>
      <Icon Size="Small" Path="GUI/DynamicBitmaps/Items/Special038" />
    </Icons>
  </GuiElement>
  <GuiElement Name="Special043">
    <Title>%Item_Special043</Title>
    <Description>%Item_Special043_Description</Description>
    <Icons>
      <Icon Size="Small" Path="GUI/DynamicBitmaps/Items/Special043" />
    </Icons>
  </GuiElement>
  <GuiElement Name="Special044">
    <Title>%Item_Special044</Title>
    <Description>%Item_Special044_Description</Description>
    <Icons>
      <Icon Size="Small" Path="GUI/DynamicBitmaps/Items/Special044" />
    </Icons>
  </GuiElement>
  <GuiElement Name="Special045">
    <Title>%Item_Special045</Title>
    <Description>%Item_Special045_Description</Description>
    <Icons>
      <Icon Size="Small" Path="GUI/DynamicBitmaps/Items/Special045" />
    </Icons>
  </GuiElement>
  <GuiElement Name="Special053">
    <Title>%Item_Special053</Title>
    <Description>%Item_Special053_Description</Description>
    <Icons>
      <Icon Size="Small" Path="GUI/DynamicBitmaps/Items/Special053" />
    </Icons>
  </GuiElement>
</Datatable>